[{"title": "Auto Parts & Accessories : Dolphin Seat - Pali 4 Aluthin sadana lada | Kalutara | ikman.lk", "date": "10 Nov 10:19 am", "shortDescription": "Dolphin Seat - Pali 4 Aluthin sadana lada", "url": "https://ikman.lk/en/ad/dolphin-seat-pali-4-aluthin-sadana-lada-for-sale-kalutara", "category": "Auto Parts & Accessories", "details": {"fullDescription": "NO 3SEAT PALI 4 ALUTHIN     SADANA    LADAWASARA 3 WAGAKEMAONAMA PATAKINGALLE ROADSEAT PALI 4 ALUTHIN     SADANA    LADAWASARA 3 WAGAKEMAONAMA PATAKINKATUKURANDASEAT PALI 4 ALUTHIN     SADANA    LADAWASARA 3 WAGAKEMAONAMA PATAKINKALUTARA", "image_urls": ["//i.ikman-st.com/e9de5f98-3e21-44c4-8cfc-618a723ce0a9/136/102/cropped.jpg", "//i.ikman-st.com/0a676bcc-c9bc-4934-a31c-6c9100be29ee/136/102/cropped.jpg", "//i.ikman-st.com/080e2d2d-ae20-421d-8512-a0b807720907/136/102/cropped.jpg", "//i.ikman-st.com/2d50d5da-ef40-4e4b-88a4-ca5e1b3d532e/136/102/cropped.jpg", "//i.ikman-st.com/b4070f1e-8027-43d4-843b-d8736165771b/136/102/cropped.jpg"], "prince": "60,000", "contact": ["0714640998"]}}, {"title": "Auto Parts & Accessories : Caravan Seat Pali 4 Aluthin Sadana Lada | Kalutara | ikman.lk", "date": "27 Oct  1:12 pm", "shortDescription": "Caravan Seat Pali 4 Aluthin Sadana Lada", "url": "https://ikman.lk/en/ad/caravan-seat-pali-4-aluthin-sadana-lada-for-sale-kalutara", "category": "Auto Parts & Accessories", "details": {"fullDescription": "Seat Pali 4Wasara 3  WagakemaLeather  -- Velvet  SeatJumping Seat 3 SamagaRs 55000          Sita  EahalataKalutara", "image_urls": [], "prince": "55,000", "contact": ["0781906700"]}}]